Name,Age,Department,Satisfaction,Feedback
John Doe,28,Engineering,Very Satisfied,Great workplace culture
Jane Smith,34,Marketing,Satisfied,Good benefits package
Bob Johnson,45,Sales,Neutral,Could improve work-life balance
Alice Williams,29,Engineering,Very Satisfied,Excellent team collaboration
Charlie Brown,52,HR,Satisfied,Good management support
Diana Prince,31,Marketing,Very Satisfied,Love the flexibility
Eve Davis,26,Engineering,Satisfied,Great learning opportunities
Frank Miller,38,Sales,Dissatisfied,Need better tools
Grace Lee,41,HR,Satisfied,Good company values
Henry Wilson,33,Marketing,Very Satisfied,Innovative projects
